<?xml version="1.0" encoding="UTF-8"?>
<project-private xmlns="http://www.netbeans.org/ns/project-private/1">
    <editor-bookmarks xmlns="http://www.netbeans.org/ns/editor-bookmarks/2" lastBookmarkId="0"/>
    <open-files xmlns="http://www.netbeans.org/ns/projectui-open-files/2">
        <group>
            <file>file:/C:/Users/dell/Documents/NetBeansProjects/learnplatform/src/learnplatform/clearn.java</file>
            <file>file:/C:/Users/dell/Documents/NetBeansProjects/learnplatform/src/learnplatform/AdminYou.java</file>
            <file>file:/C:/Users/dell/Documents/NetBeansProjects/learnplatform/src/learnplatform/Login.java</file>
            <file>file:/C:/Users/dell/Documents/NetBeansProjects/learnplatform/src/learnplatform/Java1.java</file>
            <file>file:/C:/Users/dell/Documents/NetBeansProjects/learnplatform/src/learnplatform/Coontact.java</file>
            <file>file:/C:/Users/dell/Documents/NetBeansProjects/learnplatform/src/learnplatform/Cpluse.java</file>
            <file>file:/C:/Users/dell/Documents/NetBeansProjects/learnplatform/src/learnplatform/Homee.java</file>
            <file>file:/C:/Users/dell/Documents/NetBeansProjects/learnplatform/src/learnplatform/Quiz.java</file>
            <file>file:/C:/Users/dell/Documents/NetBeansProjects/learnplatform/src/learnplatform/About.java</file>
        </group>
    </open-files>
</project-private>
